441,400,422,450,451
400,400B,401,X403,404,405,406,407,408,409,411,412,413,414,415,416,417,418,419,420,421,423,425,427
400B,400
401,400
X403,400
404,400
405,400
406,400
407,400
408,400
409,400
411,400
412,400
413,400
414,400
415,400
416,400
417,400
418,400
419,400
420,400
421,400
422,422A,441
422A,422
423,400
425,400
427,400
450,441,489,479,477,498,493,495,455,457,453,463,471,459,469,481,496,485,499,480,461,465,487,494,497,467,475,473,462,483,491
451,441
452,498
453,450
455,457,450
457,455,450
459,450
461,450
462,450
463,450
465,450
467,450
469,450
471,450
473,450
475,450
477,450
479,450
480,450
481,450
483,450
485,450
487,450
489,450
491,450
493,495A,450
494,450
495,495A,450
495A,493,495
496,450
497,450
498,450,498A,452
498A,498
499,450
